Number,Date,From IATA Code,To IATA Code,Distance,Dep time,Arr time,Duration,Aircraft
1127,06/10/2025,DFW,MKE,854,21:20,23:11,1:51,A320
1126,06/10/2025,AUS,DFW,190,17:54,18:38,0:44,CRJ7
1125,06/10/2025,DFW,AUS,190,12:32,13:22,0:50,B738
1124,06/10/2025,MKE,DFW,854,06:27,08:38,2:11,A320
1123,05/30/2025,MSP,MSN,228,23:22,00:03,0:41,BCS3
1122,05/30/2025,DTW,MSP,528,20:01,20:16,1:15,A359
1121,05/30/2025,AZO,DTW,113,18:16,18:41,0:25,CRJ9
1120,05/30/2025,ORD,AZO,122,10:19,11:49,0:30,E145
1119,05/30/2025,MSN,ORD,109,05:08,05:43,0:35,E170
1118,05/10/2025,DFW,MKE,854,21:28,23:20,1:52,A320
1117,05/10/2025,BNA,DFW,631,17:33,19:00,1:27,B738
1116,05/10/2025,DCA,BNA,561,13:25,13:58,1:33,CRJ7
1115,05/10/2025,MKE,DCA,634,06:33,09:00,1:27,CRJ7
1114,06/12/2024,IRK,ORD,275,15:48,16:52,1:04,CRJ2
1113,06/12/2024,ORD,IRK,275,10:12,10:58,0:46,CRJ2
1112,06/01/2024,CLT,MKE,651,17:32,18:03,1:31,CRJ9
1111,06/01/2024,CLE,CLT,431,14:07,15:14,1:07,B738
1110,06/01/2024,ORD,CLE,316,07:35,09:23,0:48,E170
1109,06/01/2024,MKE,ORD,67,05:15,05:37,0:22,CRJ2
1108,11/23/2023,ORD,MSN,109,14:05,14:33,0:28,A320
1107,11/23/2023,LEX,ORD,324,12:01,12:00,0:59,E175
1106,11/23/2023,ORD,LEX,324,08:06,09:59,0:53,E175
1105,11/23/2023,MSN,ORD,109,06:44,07:15,0:31,A320
1104,09/16/2023,ORD,MKE,67,15:30,15:48,0:18,CRJ2
1103,09/16/2023,ALO,ORD,233,11:33,12:20,0:47,CRJ2
1102,09/16/2023,ORD,ALO,233,09:55,10:35,0:40,CRJ2
1101,09/16/2023,MKE,ORD,67,08:33,08:58,0:25,CRJ2
1100,08/09/2023,ORD,ATW,161,09:28,10:03,0:35,CRJ2
1099,08/09/2023,ATW,ORD,161,06:23,07:00,0:37,E175
1098,08/02/2023,ORD,MSN,109,11:18,11:44,0:26,E175
1097,08/02/2023,MSN,ORD,109,06:59,07:28,0:29,B738
1096,08/01/2023,ORD,MKE,67,10:54,11:16,0:22,E175
1095,08/01/2023,MKE,ORD,67,07:02,07:33,0:31,E175
1094,07/07/2023,ORD,MKE,67,17:17,17:34,0:17,E170
1093,07/07/2023,TYS,ORD,476,13:28,13:47,1:19,CRJ7
1092,07/07/2023,ORD,TYS,476,10:14,12:22,1:08,CRJ7
1091,07/07/2023,MKE,ORD,67,08:12,08:37,0:25,CRJ2
1090,06/17/2023,DTW,ATW,296,21:41,21:29,0:48,CRJ9
1089,06/17/2023,ORD,DTW,234,18:03,19:49,0:46,B712
1088,06/17/2023,MSP,ORD,334,10:14,11:08,0:54,BCS3
1087,06/17/2023,ATW,MSP,236,06:38,07:28,0:50,CRJ9
1086,06/09/2023,MSP,EAU,85,15:34,15:58,0:24,B738
1085,06/09/2023,EAU,MSP,85,11:24,11:46,0:22,B738
1084,06/03/2023,CLT,MKE,652,17:28,17:56,1:28,A320
1083,06/03/2023,CAE,CLT,89,14:44,15:11,0:27,E145
1082,06/03/2023,ATL,CAE,191,12:43,13:15,0:32,B712
1081,06/03/2023,MKE,ATL,671,07:16,09:45,1:29,B752
1080,05/31/2023,CLT,MKE,652,23:01,23:30,1:29,A321
1079,05/31/2023,CLE,CLT,432,17:35,18:43,1:08,B738
1078,05/31/2023,PHL,CLE,363,14:02,15:04,1:02,A319
1077,05/31/2023,ORD,PHL,677,10:00,12:35,1:35,B738
1076,05/31/2023,MKE,ORD,67,07:53,08:19,0:26,CRJ2
1075,05/28/2023,ORD,MSN,109,16:33,17:01,0:28,CRJ2
1074,05/28/2023,GRB,ORD,174,14:53,15:33,0:40,E170
1073,05/28/2023,MSN,GRB,111,11:45,12:12,0:27,B738
1072,05/20/2023,CLT,MKE,652,23:09,23:45,1:36,A319
1071,05/20/2023,CAE,CLT,89,18:31,19:02,0:31,E145
1070,05/20/2023,CLT,CAE,89,11:36,12:02,0:26,CRJ9
1069,05/20/2023,MKE,CLT,652,07:07,09:40,1:33,A321
1068,05/17/2023,BNA,ATW,571,19:24,20:39,1:15,A320
1067,05/17/2023,ATW,BNA,571,17:00,18:21,1:21,A320
1066,04/29/2023,ORD,MSN,109,13:50,14:20,0:30,E145
1065,04/29/2023,SLC,ORD,1248,08:19,12:04,2:45,CRJ7
1064,04/27/2023,PHX,SLC,509,20:37,22:51,1:14,A321
1063,04/27/2023,ORD,PHX,1439,17:17,18:23,3:06,A321
1062,04/27/2023,MSN,ORD,109,15:12,15:38,0:26,E145
1061,10/01/2022,PAH,ORD,343,18:00,19:06,1:06,CRJ2
1060,10/01/2022,CGI,PAH,45,16:55,17:07,0:12,CRJ2
1059,10/01/2022,ORD,CGI,341,15:14,16:06,0:52,CRJ2
1058,09/24/2022,IMT,RHI,67,18:02,18:24,0:22,CRJ2
1057,09/24/2022,RHI,IMT,67,10:21,10:38,0:17,CRJ2
1056,03/17/2022,ORD,MSN,109,21:30,21:54,0:24,B738
1055,03/17/2022,MCW,ORD,288,18:23,19:13,0:50,CRJ2
1054,03/17/2022,ORD,MCW,288,10:44,11:36,0:52,CRJ2
1053,03/17/2022,MSN,ORD,109,06:52,07:25,0:33,B738
1052,03/15/2022,ORD,EAU,269,20:51,21:38,0:47,CRJ2
1051,03/15/2022,DTW,ORD,234,17:37,17:29,0:52,E170
1050,03/15/2022,ORD,DTW,234,11:15,13:05,0:50,E175
1049,03/15/2022,EAU,ORD,269,06:49,07:36,0:47,CRJ2
1048,11/25/2021,MSP,RST,76,16:24,16:42,0:18,CRJ9
1047,11/25/2021,MKE,MSP,297,12:46,13:35,0:49,A321
1046,11/25/2021,MSP,MKE,297,08:11,09:01,0:50,A319
1045,11/25/2021,RST,MSP,76,06:20,06:44,0:24,CRJ9
1044,11/16/2021,MSP,LSE,119,11:20,11:44,0:24,CRJ2
1043,11/16/2021,ORD,MSP,334,09:13,10:19,1:06,B712
1042,11/16/2021,LSE,ORD,215,05:58,06:37,0:39,E145
1041,10/26/2021,IWD,MSP,188,14:52,15:29,0:37,J328
1040,10/26/2021,MSP,IWD,188,13:23,13:56,0:33,J328
1039,10/17/2021,AVL,MSP,862,22:05,23:15,2:10,B738
1038,10/17/2021,MSP,AVL,862,17:47,20:32,1:45,B738
1037,09/11/2021,ORD,MSP,334,15:58,16:55,0:57,B737
1036,09/11/2021,MSP,ORD,334,13:07,14:06,0:59,E170
1035,09/11/2021,ORD,MSP,334,10:21,11:19,0:58,BCS1
1034,09/11/2021,MSP,ORD,334,07:52,08:45,0:53,BCS1
1033,08/28/2021,ORD,DBQ,146,11:50,12:21,0:31,E145
1032,08/28/2021,IND,ORD,178,10:38,10:17,0:39,CRJ7
1031,08/28/2021,ORD,IND,178,08:06,09:39,0:33,CRJ7
1030,08/28/2021,DBQ,ORD,146,06:01,06:39,0:38,E145
1029,08/20/2021,IND,MSP,503,14:14,14:37,1:23,B738
1028,08/20/2021,MSP,IND,503,10:34,12:41,1:07,B738
1027,08/17/2021,ORD,EAU,269,21:27,22:13,0:46,CRJ2
1026,08/17/2021,BNA,ORD,410,17:21,18:37,1:16,A319
1025,08/17/2021,ORD,BNA,410,11:23,12:23,1:00,A320
1024,08/17/2021,EAU,ORD,269,06:11,06:56,0:45,CRJ2
1023,08/16/2021,TVF,MSP,262,13:51,14:40,0:49,J328
1022,08/16/2021,MSP,TVF,262,10:58,11:42,0:44,J328
1021,05/25/2021,DEN,MSP,680,18:39,21:06,1:27,B737
1020,05/25/2021,LGB,DEN,854,12:55,15:43,1:48,B738
1019,05/25/2021,LAS,LGB,231,11:06,11:49,0:43,B738
1018,05/25/2021,MSP,LAS,1299,07:04,08:07,3:03,B738
1017,01/12/2021,PHX,MSP,1276,12:35,16:26,2:51,B753
1016,01/12/2021,MSP,PHX,1276,06:36,08:16,2:40,B763
1015,01/09/2021,DTW,LSE,416,16:09,16:19,1:10,CRJ2
1014,01/09/2021,ORD,DTW,234,10:50,12:43,0:53,E175
1013,01/09/2021,LSE,ORD,215,06:35,07:23,0:48,E145
1012,01/08/2021,ATL,MSP,908,20:26,21:28,2:02,B752
1011,01/08/2021,MCO,ATL,405,17:16,18:23,1:07,B753
1010,01/08/2021,MSP,MCO,1313,10:32,14:25,2:53,B763
1009,01/02/2021,MSP,RST,76,16:06,16:23,0:17,CRJ7
1008,01/02/2021,ORD,MSP,334,10:46,11:46,1:00,CRJ9
1007,01/02/2021,RST,ORD,268,06:55,07:49,0:54,CRJ2
1006,12/31/2020,ORD,LSE,215,13:08,13:55,0:47,E145
1005,12/31/2020,SUX,ORD,435,10:31,11:36,1:05,E145
1004,12/31/2020,ORD,SUX,435,08:26,09:39,1:13,E145
1003,12/31/2020,LSE,ORD,215,06:10,06:59,0:49,E145
1002,11/21/2020,ORD,CWA,213,18:35,19:14,0:39,CRJ2
1001,11/21/2020,EVV,ORD,273,15:40,16:39,0:59,CRJ2
1000,11/21/2020,ORD,EVV,273,14:09,14:59,0:50,CRJ2
999,11/21/2020,CWA,ORD,213,11:58,12:45,0:47,CRJ2
998,10/03/2020,DTW,LSE,416,16:12,16:21,1:09,CRJ2
997,10/03/2020,GRB,DTW,287,11:06,12:51,0:45,CRJ2
996,10/03/2020,MSP,GRB,252,09:15,09:57,0:42,CRJ2
995,10/03/2020,LSE,MSP,119,06:25,06:57,0:32,CRJ9
994,09/26/2020,ORD,ATW,161,18:08,18:38,0:30,CRJ2
993,09/26/2020,MLI,ORD,139,16:49,17:20,0:31,CRJ2
992,09/26/2020,ORD,MLI,139,15:38,16:09,0:31,CRJ2
991,09/26/2020,ATW,ORD,161,12:18,12:59,0:41,CRJ2
990,09/19/2020,ORD,LSE,215,19:58,20:42,0:44,E145
989,09/19/2020,CVG,ORD,265,17:52,17:43,0:51,E175
988,09/19/2020,ORD,CVG,265,08:50,10:36,0:46,E175
987,09/19/2020,LSE,ORD,215,06:31,07:11,0:40,E145
986,08/22/2020,MDW,MSP,349,16:14,17:08,0:54,B738
985,08/22/2020,PHL,MDW,667,14:22,14:51,1:29,B738
984,08/22/2020,BNA,PHL,675,10:38,13:09,1:31,B738
983,08/22/2020,MSP,BNA,696,07:02,08:33,1:31,B737
982,08/04/2020,ORD,MSN,109,13:17,13:42,0:25,CRJ7
981,08/04/2020,CWA,ORD,213,11:25,12:12,0:47,E145
980,08/04/2020,ORD,CWA,213,08:28,09:13,0:45,E145
979,08/04/2020,MSN,ORD,109,06:26,06:49,0:23,CRJ7
978,07/29/2020,ORD,MSN,109,13:15,13:40,0:25,CRJ7
977,07/29/2020,PIA,ORD,130,11:43,12:17,0:34,E145
976,07/29/2020,ORD,PIA,130,08:57,09:22,0:25,E145
975,07/29/2020,MSN,ORD,109,06:33,07:02,0:29,CRJ7
974,07/28/2020,MSP,LSE,119,13:36,14:02,0:26,CRJ2
973,07/28/2020,ATW,MSP,236,10:41,11:25,0:44,CRJ2
972,07/28/2020,MSP,ATW,236,08:49,09:27,0:38,CRJ2
971,07/28/2020,LSE,MSP,119,06:49,07:20,0:31,CRJ2
970,01/16/2020,MSP,RST,76,16:54,17:14,0:20,CRJ2
969,01/16/2020,DTW,MSP,528,14:21,14:59,1:38,B712
968,01/16/2020,IND,DTW,231,12:09,12:58,0:49,CRJ9
967,01/16/2020,MSP,IND,503,08:47,10:51,1:04,CRJ9
966,01/16/2020,RST,MSP,76,05:22,05:47,0:25,CRJ7
965,01/08/2020,EWR,CLE,404,20:19,21:31,1:12,B737
964,01/08/2020,FLL,EWR,1068,13:40,16:05,2:25,B739
963,01/08/2020,IAD,FLL,904,08:55,11:11,2:16,B739
962,01/08/2020,CLE,IAD,288,06:09,06:53,0:44,CRJ7
961,01/07/2020,IAH,CAK,1086,19:00,22:06,2:06,E175
960,01/07/2020,MSY,IAH,305,14:25,15:17,0:52,B739
959,01/07/2020,IAH,MSY,305,12:23,13:08,0:45,B739
958,01/07/2020,CAK,IAH,1086,08:35,10:18,2:43,E175
957,01/03/2020,LGA,CAK,396,19:01,20:21,1:20,CRJ2
956,01/03/2020,BOS,LGA,184,16:08,16:57,0:49,E190
955,01/03/2020,EWR,BOS,200,10:02,10:46,0:44,B738
954,01/03/2020,CAK,EWR,381,06:29,07:25,0:56,E145
953,01/01/2020,CLT,CAK,395,22:28,23:37,1:09,CRJ2
952,01/01/2020,ILM,CLT,185,18:15,18:56,0:41,A319
951,01/01/2020,DCA,ILM,321,12:20,13:15,0:55,CRJ2
950,01/01/2020,CAK,DCA,274,08:21,09:07,0:46,CRJ2
949,12/30/2019,BKW,PKB,110,12:52,13:13,0:21,E135
948,12/30/2019,CLT,BKW,178,12:04,12:37,0:33,E135
947,12/30/2019,BKW,CLT,178,09:33,10:12,0:39,E135
946,12/30/2019,PKB,BKW,110,08:02,08:25,0:23,E135
945,11/28/2019,MSP,LSE,119,14:29,14:58,0:29,CRJ2
944,11/28/2019,DSM,MSP,233,11:07,11:54,0:47,CRJ9
943,11/28/2019,MSP,DSM,233,09:37,10:22,0:45,CRJ9
942,11/28/2019,LSE,MSP,119,07:17,07:53,0:36,CRJ2
941,11/16/2019,ORD,LSE,215,16:56,17:38,0:42,E145
940,11/16/2019,GRB,ORD,174,13:13,13:56,0:43,E145
939,11/16/2019,ORD,GRB,174,08:43,09:13,0:30,E140
938,11/16/2019,LSE,ORD,215,05:51,06:31,0:40,CRJ7
937,11/02/2019,ORD,MSP,334,10:26,11:26,1:00,A319
936,11/02/2019,MSP,ORD,334,06:55,07:53,0:58,B738
935,10/19/2019,ORD,MSN,109,22:14,22:43,0:29,CRJ7
934,10/19/2019,DEN,ORD,887,17:10,19:58,1:48,B738
933,10/19/2019,DFW,DEN,642,13:25,14:01,1:36,A321
932,10/19/2019,MSN,DFW,823,07:20,09:20,2:00,E175
931,10/05/2019,ORD,RST,268,19:37,20:27,0:50,CRJ2
930,10/05/2019,DFW,ORD,803,14:55,16:53,1:58,A320
929,10/05/2019,ORD,DFW,803,11:03,12:56,1:53,A320
928,10/05/2019,RST,ORD,268,06:40,07:27,0:47,CRJ2
927,09/14/2019,RAP,MSP,489,21:24,23:26,1:02,A321
926,09/14/2019,PHX,RAP,877,16:25,20:00,2:35,A321
925,09/14/2019,TUS,PHX,110,13:32,13:58,0:26,CRJ7
924,09/14/2019,DFW,TUS,812,10:47,10:31,1:44,B738
923,09/14/2019,MSP,DFW,854,07:15,09:14,1:59,B738
922,09/07/2019,DEN,MSN,825,20:49,23:33,1:44,B739
921,09/07/2019,PHX,DEN,602,15:47,18:18,1:31,A320
920,09/07/2019,EWR,PHX,2131,10:45,12:28,4:43,B739
919,09/07/2019,MSN,EWR,798,06:09,08:49,1:40,E175
918,08/31/2019,DEN,MSP,680,13:29,15:59,1:30,B738
917,08/31/2019,COS,DEN,73,11:48,12:06,0:18,B739
916,08/31/2019,DEN,COS,73,10:12,10:27,0:15,B739
915,08/31/2019,MSP,DEN,680,07:50,08:29,1:39,B738
914,08/24/2019,IAD,MSP,907,18:07,19:13,2:06,A320
913,08/24/2019,RIC,IAD,100,15:39,16:02,0:23,CRJ2
912,08/24/2019,ORD,RIC,642,12:17,14:50,1:33,CRJ2
911,08/24/2019,MSP,ORD,334,07:31,08:24,0:53,A320
910,08/23/2019,ORD,MSP,334,22:37,23:31,0:54,B738
909,08/23/2019,IAH,ORD,927,17:59,19:59,2:00,B738
908,08/23/2019,DFW,IAH,225,15:40,16:24,0:44,MD83
907,08/23/2019,ORD,DFW,803,08:25,10:25,2:00,B738
906,08/23/2019,MSP,ORD,334,05:07,05:59,0:52,A319
905,08/22/2019,SFO,MSP,1587,01:03,06:15,3:12,A320
904,08/21/2019,LAX,SFO,338,22:09,23:01,0:52,B739
903,08/21/2019,LAS,LAX,236,17:43,18:25,0:42,B738
902,08/21/2019,SFO,LAS,414,13:45,14:46,1:01,A319
901,08/21/2019,DEN,SFO,966,11:13,12:20,2:07,A319
900,08/21/2019,MSP,DEN,680,07:57,08:47,1:50,B738
899,08/20/2019,IAH,MSP,1037,14:31,16:52,2:21,E175
898,08/20/2019,DFW,IAH,225,12:56,13:38,0:42,A320
897,08/20/2019,DEN,DFW,642,08:01,10:25,1:24,CRJ7
896,08/20/2019,MSP,DEN,680,06:30,07:10,1:40,B739
895,08/07/2019,MCI,MSP,394,17:19,18:43,1:24,B737
894,08/07/2019,MSY,MCI,691,14:34,16:39,2:05,B737
893,08/07/2019,DAL,MSY,436,12:07,13:08,1:01,B737
892,08/07/2019,STL,DAL,546,09:45,11:00,1:15,B737
891,08/07/2019,MSP,STL,449,06:45,07:46,1:01,B737
890,07/26/2019,ATL,MSN,709,22:06,22:46,1:40,B712
889,07/26/2019,PHL,ATL,667,18:12,19:43,1:31,MD90
888,07/26/2019,MSP,PHL,979,10:36,13:48,2:12,B712
887,07/26/2019,MSN,MSP,228,07:09,08:10,1:01,B752
886,07/17/2019,BNA,CID,481,11:09,12:20,1:11,A319
885,07/17/2019,CID,BNA,481,09:01,10:12,1:11,A319
884,07/16/2019,ORD,MSN,109,18:10,18:36,0:26,CRJ2
883,07/16/2019,DFW,ORD,803,14:55,16:49,1:54,B739
882,07/16/2019,ORD,DFW,803,11:12,13:07,1:55,B739
881,07/16/2019,MSN,ORD,109,08:09,08:42,0:33,E145
880,07/09/2019,ORD,RST,268,21:31,22:17,0:46,CRJ7
879,07/09/2019,CLT,ORD,600,16:42,17:11,1:29,A321
878,07/09/2019,CHO,CLT,245,12:40,13:31,0:51,E140
877,07/09/2019,ORD,CHO,566,08:36,11:05,1:29,CRJ2
876,07/09/2019,RST,ORD,268,05:43,06:25,0:42,CRJ7
875,07/05/2019,CLT,MSP,931,15:21,16:27,2:06,A321
874,07/05/2019,PHL,CLT,449,10:36,11:58,1:22,A319
873,07/05/2019,MSP,PHL,979,06:03,09:15,2:12,E190
872,07/02/2019,MSP,RST,76,23:00,23:17,0:17,CRJ7
871,07/02/2019,DEN,MSP,680,17:08,19:46,1:38,B739
870,07/02/2019,SLC,DEN,390,11:46,12:42,0:56,B738
869,07/02/2019,MSP,SLC,990,08:11,09:31,2:20,B739
868,07/02/2019,RST,MSP,76,05:29,05:52,0:23,CRJ9
867,06/19/2019,ATL,RST,832,21:54,22:57,2:03,CRJ7
866,06/19/2019,MSN,ATL,709,15:39,18:42,2:03,B712
865,06/19/2019,MSP,MSN,228,10:03,10:42,0:39,B712
864,06/19/2019,RST,MSP,76,05:17,05:37,0:20,CRJ7
863,06/18/2019,ORD,LSE,215,20:48,21:26,0:38,CRJ7
862,06/18/2019,CLT,ORD,600,16:42,17:17,1:35,A321
861,06/18/2019,PHL,CLT,449,12:59,14:09,1:10,A319
860,06/18/2019,ORD,PHL,677,08:36,11:06,1:30,B738
859,06/18/2019,LSE,ORD,215,05:42,06:27,0:45,CRJ7
858,06/12/2019,CVG,MSP,596,19:16,19:36,1:20,B738
857,06/12/2019,PHL,CVG,506,14:36,15:57,1:21,CRJ2
856,06/12/2019,RDU,PHL,337,12:58,13:49,0:51,CRJ2
855,06/12/2019,MSP,RDU,980,06:59,10:08,2:09,A320
854,06/06/2019,CHS,CLE,597,12:49,14:12,1:23,A320
853,06/06/2019,CLE,CHS,597,10:04,11:23,1:19,A320
852,06/05/2019,RDU,CLE,417,20:47,22:04,1:17,CRJ7
851,06/05/2019,MCO,RDU,536,16:34,18:20,1:46,B712
850,06/05/2019,LGA,MCO,952,10:26,12:37,2:11,A321
849,06/05/2019,CLE,LGA,418,07:05,08:13,1:08,CRJ9
848,06/01/2019,ATL,CLE,556,15:27,16:40,1:13,MD90
847,06/01/2019,RDU,ATL,356,12:37,13:33,0:56,MD88
846,05/31/2019,DTW,RDU,502,10:32,11:47,1:15,A320
845,05/31/2019,CLE,DTW,95,06:08,06:29,0:21,B712
844,05/29/2019,MIA,CLE,1084,22:14,00:44,2:30,E145
843,05/29/2019,TPA,MIA,205,14:20,14:55,0:35,B738
842,05/29/2019,CLT,TPA,509,11:37,12:48,1:11,A321
841,05/29/2019,CLE,CLT,432,07:00,08:11,1:11,A320
840,05/27/2019,CLT,PKB,287,12:11,12:55,0:44,E145
839,05/27/2019,PKB,CLT,287,08:09,08:54,0:45,E145
838,05/18/2019,MSP,LSE,119,20:46,21:17,0:31,CRJ2
837,05/18/2019,DFW,MSP,854,17:58,19:42,1:44,CRJ9
836,05/16/2019,MSP,DFW,854,09:38,11:30,1:52,CRJ9
835,05/16/2019,LSE,MSP,119,07:15,07:47,0:32,CRJ2
834,05/04/2019,DTW,MSN,311,20:28,20:18,0:50,A321
833,05/04/2019,DFW,DTW,987,15:42,18:38,1:56,BCS1
832,05/04/2019,DTW,DFW,987,12:35,14:15,2:40,BCS1
831,05/04/2019,MSP,DTW,528,08:55,11:11,1:16,B739
830,05/04/2019,MSN,MSP,228,07:18,08:04,0:46,A321
829,04/27/2019,DTW,MSN,311,20:34,20:26,0:52,A321
828,04/27/2019,CLT,DTW,501,17:48,19:08,1:20,B712
827,04/27/2019,MSP,CLT,931,10:10,13:09,1:59,B712
826,04/27/2019,MSN,MSP,228,07:14,08:02,0:48,A321
825,04/20/2019,ORD,MSP,334,18:15,19:13,0:58,B739
824,04/20/2019,OMA,ORD,415,15:33,16:41,1:08,E170
823,04/20/2019,DEN,OMA,472,10:59,13:00,1:01,A319
822,04/20/2019,MSP,DEN,680,06:17,06:52,1:35,B739
821,04/06/2019,ORD,MSN,109,18:41,19:06,0:25,A319
820,04/06/2019,PHL,ORD,677,13:23,14:07,1:44,B737
819,04/06/2019,ORD,PHL,677,08:14,10:46,1:32,CRJ7
818,04/06/2019,MSN,ORD,109,06:27,06:58,0:31,A320
817,03/21/2019,EWR,MSP,1007,15:00,16:24,2:24,E170
816,03/21/2019,BOS,EWR,200,13:26,14:26,1:00,A319
815,03/21/2019,ORD,BOS,865,07:56,10:46,1:50,B738
814,03/21/2019,MSP,ORD,334,05:41,06:38,0:57,A320
813,03/19/2019,ORD,RST,268,20:31,21:19,0:48,E145
812,03/19/2019,BOS,ORD,865,17:59,19:10,2:11,B738
811,03/19/2019,ROC,BOS,343,14:12,15:04,0:52,E145
810,03/19/2019,ORD,ROC,527,08:47,11:00,1:13,CRJ7
809,03/19/2019,RST,ORD,268,06:53,07:42,0:49,E145
808,01/15/2019,ORD,LSE,215,20:40,21:25,0:45,E145
807,01/15/2019,DCA,ORD,611,17:40,18:15,1:35,B738
806,01/15/2019,CHA,DCA,523,12:10,13:24,1:14,CRJ2
805,01/15/2019,ORD,CHA,502,08:58,11:10,1:12,E145
804,01/15/2019,LSE,ORD,215,06:20,07:06,0:46,E145
803,01/14/2019,ORD,RST,268,20:41,21:28,0:47,E145
802,01/14/2019,TOL,ORD,213,17:26,17:09,0:43,E145
801,01/14/2019,ORD,TOL,213,08:34,10:11,0:37,E145
800,01/14/2019,RST,ORD,268,06:22,07:15,0:53,E145
799,01/08/2019,ORD,MSN,109,22:47,23:19,0:32,E175
798,01/08/2019,DCA,ORD,611,18:57,19:42,1:45,B738
797,01/08/2019,PHL,DCA,119,16:43,17:13,0:30,E190
796,01/08/2019,DFW,PHL,1302,11:01,14:24,2:23,B752
795,01/08/2019,MSN,DFW,823,06:45,08:55,2:10,E175
794,01/03/2019,MCI,MKE,436,14:31,15:41,1:10,B737
793,01/03/2019,STL,MCI,236,10:40,11:19,0:39,B738
792,01/03/2019,CLE,STL,487,09:25,09:40,1:15,B738
791,12/31/2018,PHL,CAK,334,18:08,19:22,1:14,CRJ2
790,12/31/2018,GSO,PHL,365,15:51,17:03,1:12,CRJ2
789,12/31/2018,CLT,GSO,84,13:08,13:37,0:29,CRJ9
788,12/31/2018,PHL,CLT,449,10:25,11:51,1:26,A321
787,12/31/2018,CAK,PHL,334,08:03,08:53,0:50,CRJ2
786,12/24/2018,MKE,CLE,328,08:04,09:51,0:47,B737
785,12/01/2018,MSP,LSE,119,23:34,00:06,0:32,CRJ2
784,12/01/2018,MCI,MSP,394,20:14,21:09,0:55,B712
783,12/01/2018,MSP,MCI,394,13:28,14:29,1:01,A319
782,12/01/2018,LSE,MSP,119,12:10,12:43,0:33,CRJ2
781,11/17/2018,ORD,RST,268,20:40,21:28,0:48,CRJ7
780,11/17/2018,CLT,ORD,600,17:25,18:08,1:43,B738
779,11/17/2018,RDU,CLT,130,14:48,15:22,0:34,A320
778,11/17/2018,ORD,RDU,646,08:52,11:20,1:28,MD83
777,11/17/2018,RST,ORD,268,06:58,07:46,0:48,CRJ7
776,11/10/2018,MSP,MSN,228,20:39,21:13,0:34,B739
775,11/10/2018,CVG,MSP,596,17:26,18:05,1:39,B712
774,11/10/2018,DTW,CVG,229,13:08,13:52,0:44,CRJ7
773,11/10/2018,MSN,DTW,311,08:54,10:45,0:51,B739
772,11/03/2018,ORD,MSN,109,21:20,21:46,0:26,E145
771,11/03/2018,CLT,ORD,600,14:52,15:31,1:39,A321
770,11/03/2018,DAY,CLT,371,12:12,13:13,1:01,CRJ2
769,11/03/2018,ORD,DAY,240,08:29,10:07,0:38,E145
768,11/03/2018,MSN,ORD,109,05:34,05:59,0:25,E175
767,08/21/2018,ATL,MSN,709,17:07,17:49,1:42,MD88
766,08/21/2018,PHL,ATL,667,13:22,15:02,1:40,MD88
765,08/21/2018,DTW,PHL,453,10:24,11:32,1:08,MD90
764,08/21/2018,MSN,DTW,311,07:05,09:00,0:55,MD90
763,08/04/2018,ORD,MKE,67,18:49,19:09,0:20,CRJ2
762,08/04/2018,AUS,ORD,979,14:15,16:28,2:13,A320
761,08/04/2018,IAH,AUS,140,10:30,10:57,0:27,B39M
760,08/04/2018,MKE,IAH,987,05:39,07:50,2:11,E175
759,07/28/2018,DTW,ORD,234,15:55,15:36,0:41,B712
758,07/28/2018,BWI,DTW,409,13:25,14:29,1:04,MD90
757,07/28/2018,ORD,BWI,621,06:45,09:06,1:21,A320
756,07/14/2018,DTW,MDW,228,16:14,15:56,0:42,CRJ7
755,07/13/2018,MDW,DTW,228,17:56,19:39,0:43,B737
754,07/07/2018,DTW,MKE,237,16:01,15:37,0:36,B712
753,07/07/2018,CAK,DTW,134,13:51,14:18,0:27,CRJ7
752,07/04/2018,ATL,CAK,530,22:07,23:20,1:13,MD88
751,07/04/2018,MKE,ATL,671,16:57,19:45,1:48,MD88
750,06/30/2018,DCA,ORD,611,21:13,21:41,1:28,B738
749,06/30/2018,CLT,DCA,331,18:24,19:17,0:53,A319
748,06/30/2018,JAN,CLT,562,14:35,16:58,1:23,CRJ7
747,06/30/2018,DFW,JAN,408,12:31,13:33,1:02,E145
746,06/30/2018,ORD,DFW,803,08:23,10:08,1:45,A321
745,05/12/2018,ATL,MKE,671,20:07,20:44,1:37,B739
744,05/12/2018,MCI,ATL,693,14:06,16:42,1:36,MD88
743,05/10/2018,CVG,MCI,539,09:05,09:28,1:23,CRJ2
742,05/10/2018,MKE,CVG,318,06:10,08:01,0:51,CRJ2
741,04/29/2018,PDX,ORD,1737,00:14,05:48,3:34,B738
740,04/28/2018,SEA,PDX,129,23:01,23:33,0:32,E175
739,04/28/2018,BIL,SEA,663,19:10,19:44,1:34,E175
738,04/28/2018,PDX,BIL,678,15:24,18:01,1:37,E175
737,04/28/2018,SEA,PDX,129,11:59,12:26,0:27,B739
736,04/28/2018,ORD,SEA,1718,06:14,08:00,3:46,B739
735,04/14/2018,ATL,MDW,592,22:19,22:41,1:22,MD90
734,04/14/2018,OKC,ATL,760,16:23,19:07,1:44,B737
733,04/13/2018,DAL,OKC,181,09:38,10:17,0:39,B737
732,04/13/2018,MDW,DAL,795,05:35,07:35,2:00,B737
731,03/17/2018,DFW,ORD,803,13:45,15:28,1:43,B789
730,03/16/2018,ORD,DFW,803,16:11,18:11,2:00,A320
729,02/17/2018,IAH,ORD,927,16:47,18:44,1:57,A320
728,02/17/2018,TUL,IAH,431,13:17,14:31,1:14,E145
727,02/11/2018,ORD,TUL,586,15:59,17:36,1:37,CRJ7
726,02/10/2018,CLT,ORD,600,20:15,20:49,1:34,A321
725,02/10/2018,JFK,CLT,542,17:12,18:48,1:36,B738
724,02/10/2018,CVG,JFK,588,12:47,14:16,1:29,E140
723,02/10/2018,ORD,CVG,265,10:04,11:48,0:44,E175
722,02/03/2018,BNA,MKE,476,19:16,20:29,1:13,B737
721,02/02/2018,DTW,BNA,457,22:17,22:28,1:11,CRJ9
720,02/02/2018,MKE,DTW,237,18:54,20:33,0:39,CRJ9
719,01/27/2018,DFW,ORD,803,14:16,15:58,1:42,A320
718,01/26/2018,ORD,DFW,803,18:07,20:07,2:00,A319
717,01/20/2018,CLT,ORD,600,19:03,19:27,1:24,A321
716,01/20/2018,PHL,CLT,449,15:31,16:42,1:11,A321
715,01/20/2018,HVN,PHL,157,12:59,13:42,0:43,CRJ2
714,01/20/2018,PHL,HVN,157,11:04,11:45,0:41,CRJ2
713,01/20/2018,ORD,PHL,677,07:08,09:44,1:36,A321
712,01/15/2018,DFW,ORD,803,19:25,21:06,1:41,B788
711,01/15/2018,CLT,DFW,935,16:25,17:49,2:24,A319
710,01/15/2018,FLL,CLT,634,13:24,14:58,1:34,B738
709,01/15/2018,ORD,FLL,1185,08:31,12:07,2:36,B738
708,01/14/2018,DCA,ORD,611,20:33,21:10,1:37,B738
707,01/14/2018,PNS,DCA,817,15:22,18:01,1:39,E175
706,01/13/2018,DFW,PNS,603,14:50,16:12,1:22,MD83
705,01/13/2018,ORD,DFW,803,10:37,12:31,1:54,A321
704,12/19/2017,CVG,MDW,249,18:32,18:23,0:51,B737
703,12/19/2017,BWI,CVG,429,15:48,17:03,1:15,B737
702,12/19/2017,BUF,BWI,282,10:47,11:33,0:46,B737
701,12/19/2017,MDW,BUF,468,07:55,09:58,1:03,B737
700,12/16/2017,MCI,ORD,402,16:40,17:50,1:10,MD82
699,12/16/2017,DFW,MCI,461,13:01,14:05,1:04,MD83
698,12/16/2017,STL,DFW,551,09:58,11:24,1:26,MD83
697,12/16/2017,ORD,STL,258,08:24,09:05,0:41,MD83
696,12/12/2017,CLT,ORD,600,20:12,20:52,1:40,A321
695,12/12/2017,SAV,CLT,214,18:21,19:11,0:50,A319
694,12/12/2017,DFW,SAV,924,12:31,15:21,1:50,A319
693,12/12/2017,STL,DFW,551,09:35,10:53,1:18,MD83
692,12/12/2017,ORD,STL,258,07:45,08:24,0:39,MD83
691,12/02/2017,ATL,ORD,607,15:15,15:53,1:38,CRJ7
690,12/01/2017,ORD,ATL,607,18:55,21:16,1:21,B738
689,11/29/2017,CLT,ORD,600,16:50,17:21,1:31,B738
688,11/29/2017,ROA,CLT,155,14:36,15:26,0:50,DH8C
687,11/29/2017,CLT,ROA,155,11:28,12:10,0:42,DH8A
686,11/29/2017,ORD,CLT,600,05:33,07:55,1:22,A321
685,11/18/2017,DTW,MDW,228,18:41,18:29,0:48,B737
684,11/18/2017,ATL,DTW,596,16:02,17:30,1:28,B737
683,11/17/2017,MDW,ATL,592,09:14,11:31,1:17,B737
682,11/14/2017,BHM,MDW,571,18:54,20:22,1:28,B737
681,11/14/2017,TPA,BHM,461,18:01,18:08,1:07,B737
680,11/14/2017,RDU,TPA,589,12:19,13:47,1:28,B737
679,11/14/2017,MDW,RDU,632,08:44,11:11,1:27,B737
678,11/11/2017,ORD,MKE,67,20:08,20:27,0:19,CRJ2
677,11/11/2017,CLT,ORD,600,16:44,17:17,1:33,B738
676,11/11/2017,GNV,CLT,390,14:02,15:00,0:58,CRJ7
675,11/10/2017,ATL,GNV,301,20:10,20:56,0:46,MD88
674,11/10/2017,MKE,ATL,671,13:43,16:11,1:28,MD88
673,11/08/2017,MSP,MKE,297,20:58,21:50,0:52,MD90
672,11/08/2017,STL,MSP,449,17:18,18:29,1:11,B712
671,11/08/2017,DTW,STL,440,15:38,15:43,1:05,B712
670,11/08/2017,MKE,DTW,237,09:19,10:58,0:39,MD88
669,11/04/2017,ATL,MDW,592,18:34,18:59,1:25,A319
668,11/04/2017,MEM,ATL,331,15:14,17:06,0:52,MD88
667,11/03/2017,HOU,MEM,485,10:41,11:52,1:11,B737
666,11/03/2017,MDW,HOU,939,07:26,09:40,2:14,B38M
665,10/31/2017,LGA,ORD,732,21:23,22:18,1:55,B738
664,10/31/2017,PHL,LGA,96,18:44,19:15,0:31,E190
663,10/31/2017,ISP,PHL,130,15:09,16:13,1:04,DH8A
662,10/31/2017,PHL,ISP,130,13:50,14:30,0:40,DH8A
661,10/31/2017,CLT,PHL,449,09:33,10:37,1:04,A321
660,10/31/2017,ORD,CLT,600,05:33,07:54,1:21,A321
659,10/21/2017,ATL,ORD,607,13:39,14:04,1:25,E170
658,10/20/2017,ORD,ATL,607,18:17,20:40,1:23,B739
657,10/14/2017,DFW,ORD,803,14:09,15:47,1:38,B772
656,10/13/2017,ORD,DFW,803,19:42,21:30,1:48,B772
655,10/11/2017,MIA,ORD,1201,12:28,14:10,2:42,A321
654,10/11/2017,ORD,MIA,1201,05:48,09:28,2:40,B738
653,10/10/2017,RSW,ORD,1124,13:18,14:56,2:38,B738
652,10/10/2017,ORD,RSW,1124,07:48,11:35,2:47,B738
651,10/07/2017,PHL,ORD,677,21:16,21:58,1:42,B738
650,10/07/2017,PIT,PHL,267,16:03,16:52,0:49,E175
649,10/06/2017,ORD,PIT,412,15:29,17:27,0:58,B738
648,10/03/2017,IAH,ORD,927,18:42,20:43,2:01,B739
647,10/03/2017,ORD,IAH,927,13:17,15:22,2:05,B763
646,09/09/2017,LAX,ORD,1743,18:05,23:15,3:10,B788
645,09/09/2017,SMF,LAX,374,13:37,14:44,1:07,E175
644,09/08/2017,LAX,SMF,374,11:23,12:16,0:53,E175
643,09/08/2017,MSP,LAX,1535,09:00,10:11,3:11,B753
642,09/08/2017,ORD,MSP,334,06:31,07:38,1:07,MD88
641,09/05/2017,IAD,CLE,288,19:04,19:50,0:46,B739
640,09/05/2017,MSY,IAD,956,12:49,15:53,2:04,B739
639,09/05/2017,ORD,MSY,839,09:37,11:24,1:47,A319
638,09/05/2017,CLE,ORD,315,06:19,06:11,0:52,B739
637,08/29/2017,GRR,MDW,137,18:33,18:14,0:41,B737
636,08/29/2017,BWI,GRR,528,16:28,17:43,1:15,B737
635,08/29/2017,PVD,BWI,327,13:37,14:41,1:04,B737
634,08/29/2017,MDW,PVD,841,09:55,12:39,1:44,B737
633,08/26/2017,MSP,ORD,334,20:42,21:30,0:48,MD90
632,08/26/2017,OMA,MSP,282,17:26,18:16,0:50,B712
631,08/25/2017,DTW,OMA,650,12:21,12:48,1:27,CRJ9
630,08/25/2017,ORD,DTW,234,07:07,08:56,0:49,MD88
629,08/19/2017,ATL,ORD,607,17:56,18:30,1:34,MD88
628,08/19/2017,HOU,ATL,696,13:11,15:47,1:36,B712
627,08/18/2017,ORD,IAH,927,18:19,20:31,2:12,B753
626,08/14/2017,MCI,ORD,402,16:04,17:09,1:05,CRJ7
625,08/13/2017,ORD,MCI,402,12:27,13:30,1:03,CRJ7
624,08/11/2017,PHX,ORD,1439,23:31,04:18,2:47,B739
623,08/06/2017,ORD,PHX,1439,12:29,13:46,3:17,B737
622,08/05/2017,ATL,ORD,607,11:51,12:27,1:36,E175
621,08/04/2017,ORD,ATL,607,18:02,20:29,1:27,A319
620,07/22/2017,DFW,MKE,854,21:02,22:49,1:47,MD83
619,07/22/2017,BOI,DFW,1272,11:49,15:33,2:44,E175
618,07/21/2017,DFW,BOI,1272,18:31,20:11,2:40,B738
617,07/21/2017,MKE,DFW,854,10:09,12:04,1:55,MD82
616,07/08/2017,MSP,ORD,334,12:34,13:22,0:48,MD83
615,07/07/2017,ORD,MSP,334,18:28,19:26,0:58,E175
614,07/04/2017,ATL,MKE,671,22:31,23:00,1:29,B737
613,07/04/2017,JAX,ATL,270,20:50,21:34,0:44,B733
612,07/04/2017,BNA,JAX,484,17:33,19:45,1:12,B733
611,07/03/2017,ORD,BNA,410,21:26,22:24,0:58,CRJ7
610,07/03/2017,MKE,ORD,67,17:34,17:58,0:24,B737
609,06/17/2017,EWR,MKE,724,19:52,20:48,1:56,E145
608,06/17/2017,ITH,EWR,172,13:44,14:29,0:45,DH8C
607,06/16/2017,ORD,SYR,606,10:47,13:13,1:26,E175
606,06/10/2017,DEN,ORD,887,18:00,20:53,1:53,B738
605,06/10/2017,LAX,DEN,862,14:15,16:53,1:38,B772
604,06/10/2017,SAN,LAX,109,11:07,11:34,0:27,E175
603,06/04/2017,ORD,SAN,1722,12:40,14:09,3:29,A320
602,05/16/2017,MSP,ORD,334,21:27,22:19,0:52,A319
601,05/16/2017,ORD,MSP,334,18:43,19:50,1:07,A319
600,05/13/2017,DEN,ORD,887,15:45,18:35,1:50,B739
599,05/13/2017,FSD,DEN,483,13:01,13:11,1:10,E145
598,05/12/2017,DEN,FSD,483,17:47,19:52,1:05,B738
597,05/12/2017,ORD,DEN,887,13:00,14:00,2:00,B738
596,05/07/2017,ATL,ORD,607,08:19,09:04,1:45,B712
595,05/06/2017,IAD,ATL,534,17:40,19:02,1:22,MD88
594,05/05/2017,CVG,DCA,411,21:22,22:22,1:00,CRJ7
593,05/05/2017,ORD,CVG,265,15:19,17:06,0:47,CRJ9
592,04/29/2017,AUS,ORD,979,17:53,20:21,2:28,B739
591,04/29/2017,ORD,AUS,979,13:49,16:42,2:53,B739
590,04/22/2017,EWR,ORD,718,20:22,21:15,1:53,B738
589,04/22/2017,CHA,EWR,718,15:55,17:30,1:35,E145
588,04/21/2017,ATL,CHA,106,20:20,20:40,0:20,MD88
587,04/21/2017,ORD,ATL,607,16:10,18:38,1:28,B712
586,04/15/2017,IAD,ORD,588,23:44,00:09,1:25,B737
585,04/15/2017,MDT,IAD,94,14:45,15:08,0:23,E145
584,04/14/2017,ORD,MDT,593,19:30,21:47,1:17,A319
583,04/08/2017,SEA,ORD,1718,18:21,23:45,3:24,B739
582,04/08/2017,PDX,SEA,129,15:40,16:11,0:31,CRJ7
581,04/08/2017,MFR,PDX,223,14:04,14:48,0:44,DH8D
580,04/07/2017,PDX,MFR,223,16:03,16:50,0:47,DH8D
579,04/07/2017,SEA,PDX,129,12:58,13:36,0:38,B739
578,04/07/2017,ORD,SEA,1718,06:06,08:03,3:57,B739
577,04/01/2017,MSP,MDW,349,16:56,17:55,0:59,B737
576,03/31/2017,MDW,MSP,349,14:10,15:04,0:54,B737
575,03/19/2017,ORD,MKE,67,07:57,08:14,0:17,CRJ2
574,03/18/2017,LAX,ORD,1743,23:42,05:09,3:27,A320
573,03/18/2017,SEA,LAX,956,18:48,21:14,2:26,E175
572,03/17/2017,MKE,SEA,1692,16:17,18:36,4:19,E175
571,03/08/2017,DEN,ORD,887,18:05,20:54,1:49,B753
570,03/08/2017,ORD,DEN,887,14:57,16:16,2:19,B739
569,03/05/2017,CVG,ORD,265,20:39,20:24,0:45,CRJ7
568,03/05/2017,IAD,CVG,388,17:16,18:24,1:08,E175
567,03/04/2017,BOS,IAD,413,20:17,21:20,1:03,B752
566,03/04/2017,IAD,BOS,413,14:31,15:36,1:05,E190
565,03/04/2017,DTW,IAD,383,09:07,10:02,0:55,CRJ9
564,03/04/2017,ORD,DTW,234,05:44,07:32,0:48,B712
563,03/01/2017,PHL,ORD,677,16:34,17:31,1:57,A320
562,03/01/2017,ORD,PHL,677,07:36,10:36,2:00,A321
561,02/25/2017,ATL,MDW,592,17:06,17:33,1:27,B712
560,02/25/2017,DAY,ATL,434,14:36,15:53,1:17,MD90
559,02/25/2017,DTW,DAY,166,12:45,13:18,0:33,CRJ2
558,02/25/2017,MDW,DTW,228,09:23,11:14,0:51,CRJ9
557,02/21/2017,DAY,ORD,240,18:09,17:52,0:43,E175
556,02/21/2017,ORD,DAY,240,14:28,16:08,0:40,CRJ7
555,02/20/2017,FNT,MDW,220,17:54,17:48,0:54,B737
554,02/20/2017,MDW,FNT,220,15:11,16:45,0:34,B737
553,02/20/2017,DAY,MDW,226,13:44,13:32,0:48,B737
552,02/20/2017,MDW,DAY,226,11:10,12:55,0:45,B737
551,02/18/2017,SEA,ORD,1718,14:07,19:22,3:15,B739
550,02/17/2017,IAD,SEA,2303,17:49,19:52,5:03,B739
549,02/17/2017,ORD,IAD,588,13:51,16:11,1:20,A320
548,02/11/2017,DTW,MDW,228,15:49,15:43,0:54,CRJ7
547,02/11/2017,SDF,DTW,306,13:00,13:55,0:55,CRJ2
546,02/11/2017,ATL,SDF,323,10:48,11:44,0:56,MD88
545,02/11/2017,MDW,ATL,592,06:12,08:42,1:30,B712
544,02/09/2017,GRR,ORD,137,18:45,18:12,0:27,A320
543,02/09/2017,ORD,GRR,137,15:55,17:24,0:29,E145
542,02/04/2017,ATL,MDW,592,14:23,14:57,1:34,B712
541,02/03/2017,DTW,ATL,596,16:50,18:18,1:28,B753
540,02/03/2017,MDW,DTW,228,12:44,14:26,0:42,CRJ9
539,01/28/2017,CLT,ORD,600,22:57,23:24,1:27,A320
538,01/28/2017,PHL,CLT,449,20:09,21:21,1:12,A320
537,01/28/2017,ITH,PHL,192,18:04,18:55,0:51,DH8A
536,01/28/2017,PHL,ITH,192,12:04,12:42,0:38,E145
535,01/28/2017,ORD,PHL,677,05:13,07:43,1:30,A321
534,01/21/2017,PHX,ORD,1439,20:00,23:58,2:58,A321
533,01/21/2017,SEA,PHX,1108,15:10,18:22,2:12,B738
532,01/20/2017,ORD,SEA,1718,17:36,19:11,3:35,B738
531,01/18/2017,EWR,ORD,718,20:35,21:22,1:47,A320
530,01/18/2017,PVD,EWR,159,19:02,19:54,0:52,E170
529,01/18/2017,ORD,PVD,848,14:08,17:03,1:55,E170
528,01/16/2017,EWR,ORD,718,16:59,18:19,2:20,B763
527,01/16/2017,ORD,EWR,718,11:36,14:04,1:28,B763
526,01/15/2017,IAD,ORD,588,22:41,23:13,1:32,B739
525,01/15/2017,ORD,IAD,588,13:40,15:56,1:16,A320
524,01/13/2017,EWR,MDW,710,19:01,20:11,2:10,B733
523,01/08/2017,MDW,EWR,710,12:23,14:51,1:28,B737
522,12/28/2016,CAK,ORD,343,08:55,08:59,1:04,E145
521,12/24/2016,ORD,CAK,343,12:16,14:12,0:56,E145
520,12/21/2016,MSP,MDW,349,18:10,19:14,1:04,CRJ9
519,12/21/2016,DTW,MSP,528,16:03,16:58,1:55,B753
518,12/21/2016,MDT,DTW,370,12:08,13:15,1:07,CRJ2
517,12/21/2016,DTW,MDT,370,10:06,11:01,0:55,CRJ2
516,12/21/2016,MDW,DTW,228,07:22,09:05,0:43,CRJ2
515,12/10/2016,ATL,MDW,592,14:16,14:49,1:33,B712
514,12/09/2016,CMH,ATL,448,17:20,18:33,1:13,B733
513,12/09/2016,MDW,CMH,283,13:28,15:14,0:46,B738
512,12/03/2016,LAX,ORD,1743,23:39,04:53,3:14,B772
511,12/03/2016,ORD,LAX,1743,15:59,17:43,3:44,B753
510,12/02/2016,DEN,ORD,887,19:43,22:22,1:39,A321
509,12/02/2016,ORD,DEN,887,16:00,17:17,2:17,A321
508,11/21/2016,ATL,ORD,607,22:54,23:28,1:34,MD88
507,11/21/2016,CMH,ATL,448,19:27,20:32,1:05,B752
506,11/21/2016,MSP,CMH,625,15:23,17:36,1:13,B712
505,11/21/2016,ORD,MSP,334,12:38,13:46,1:08,B712
504,11/15/2016,IAD,ORD,588,22:32,23:03,1:31,A320
503,11/15/2016,PIT,IAD,182,20:09,20:53,0:44,CRJ7
502,11/15/2016,IAD,PIT,182,17:41,18:16,0:35,CRJ7
501,11/15/2016,ORD,IAD,588,14:12,16:29,1:17,A320
500,11/12/2016,ORD,MKE,67,12:29,12:47,0:18,CRJ2
499,11/12/2016,STL,ORD,258,10:16,11:09,0:53,E145
498,11/12/2016,ORD,STL,258,08:01,08:43,0:42,E145
497,11/12/2016,MKE,ORD,67,06:22,06:44,0:22,CRJ2
496,11/11/2016,MSP,ORD,334,17:35,18:32,0:57,MD90
495,11/11/2016,GRR,MSP,408,16:21,16:20,0:59,MD88
494,11/11/2016,MSP,GRR,408,10:28,12:27,0:59,CRJ9
493,11/11/2016,ORD,MSP,334,06:32,07:32,1:00,B738
492,11/09/2016,BOS,ORD,865,16:24,17:20,1:56,B738
491,11/09/2016,PHL,BOS,280,14:12,15:00,0:48,A332
490,11/09/2016,BOS,PHL,280,11:21,12:21,1:00,A332
489,11/09/2016,ORD,BOS,865,06:10,09:15,2:05,B738
488,11/07/2016,IAD,ORD,588,22:35,22:59,1:24,B738
487,11/07/2016,PIT,IAD,182,19:43,20:23,0:40,CRJ7
486,11/07/2016,ORD,PIT,412,16:20,18:21,1:01,E175
485,11/05/2016,DFW,ORD,803,15:05,16:54,1:49,MD83
484,11/05/2016,BNA,DFW,631,11:33,13:01,1:28,MD82
483,11/04/2016,CVG,BNA,230,09:34,09:23,0:49,CRJ9
482,11/04/2016,ORD,CVG,265,06:48,08:39,0:51,CRJ9
481,10/29/2016,BOS,ORD,865,17:40,18:49,2:09,B739
480,10/28/2016,ORD,BOS,865,14:20,17:12,1:52,B753
479,10/22/2016,STL,MDW,251,15:52,16:38,0:46,B737
478,10/22/2016,ATL,STL,485,14:40,14:59,1:19,B737
477,10/21/2016,MDW,ATL,592,18:08,20:30,1:22,B737
476,10/15/2016,MSP,MDW,349,20:03,21:05,1:02,E170
475,10/15/2016,ATL,MSP,908,15:16,16:27,2:11,B752
474,10/14/2016,MDW,ATL,592,18:02,20:26,1:24,B712
473,10/11/2016,DFW,ORD,803,20:40,22:24,1:44,A321
472,10/11/2016,ORD,DFW,803,17:50,19:33,1:43,B772
471,10/10/2016,MSP,MDW,349,17:47,18:49,1:02,E175
470,10/10/2016,GRR,MSP,408,16:21,16:30,1:09,MD90
469,10/10/2016,DTW,GRR,120,12:12,12:39,0:27,CRJ9
468,10/10/2016,MDW,DTW,228,09:26,11:14,0:48,CRJ7
467,10/08/2016,IAH,ORD,927,19:28,21:25,1:57,B738
466,10/08/2016,DFW,IAH,225,15:05,15:49,0:44,E145
465,10/07/2016,ORD,DFW,803,18:07,20:05,1:58,B772
464,10/01/2016,DTW,MDW,228,20:15,19:57,0:42,CRJ7
463,10/01/2016,ATL,DTW,596,16:48,18:08,1:20,B752
462,09/30/2016,MDW,ATL,592,19:41,22:01,1:20,B712
461,09/24/2016,CLT,ORD,600,17:33,18:04,1:31,E170
460,09/24/2016,EWR,CLT,529,12:48,14:02,1:14,E170
459,09/24/2016,ORD,EWR,718,07:19,09:51,1:32,B738
458,09/20/2016,DFW,ORD,803,22:18,00:05,1:47,B738
457,09/20/2016,ORD,DFW,803,19:13,21:00,1:47,B752
456,09/10/2016,CLE,MDW,306,17:08,16:58,0:50,B738
455,09/10/2016,ORD,CLE,315,08:32,10:20,0:48,B753
454,09/03/2016,SFO,ORD,1844,23:37,04:50,3:13,B772
453,09/03/2016,SAN,SFO,447,18:45,19:52,1:07,B739
452,09/03/2016,IAH,SAN,1302,15:04,15:51,2:47,B739
451,09/03/2016,ORD,IAH,927,11:26,13:29,2:03,B763
450,08/30/2016,IAD,ORD,588,22:57,23:19,1:22,B738
449,08/30/2016,EWR,IAD,212,16:54,17:46,0:52,DH8B
448,08/30/2016,ORD,EWR,718,09:30,12:05,1:35,B738
447,08/27/2016,SFO,ORD,1844,23:47,05:09,3:22,B772
446,08/27/2016,SAN,SFO,447,20:43,21:46,1:03,A320
445,08/27/2016,ORD,SAN,1722,16:29,18:15,3:46,A320
444,08/20/2016,MSP,ORD,334,16:50,17:48,0:58,E175
443,08/19/2016,ORD,MSP,334,19:10,20:06,0:56,MD83
442,08/16/2016,PIT,ORD,412,20:35,20:38,1:03,E170
441,08/16/2016,ORD,PIT,412,14:28,16:29,1:01,A320
440,08/13/2016,ATL,ORD,607,17:24,18:10,1:46,A320
439,08/12/2016,ORD,ATL,607,11:02,13:44,1:42,B738
438,08/09/2016,BNA,ORD,410,18:34,19:41,1:07,E175
437,08/09/2016,ORD,BNA,410,14:16,15:16,1:00,A319
436,08/07/2016,MSP,ORD,334,16:33,17:23,0:50,MD83
435,08/06/2016,ORD,MSP,334,17:30,18:29,0:59,A320
434,07/26/2016,PIT,ORD,412,20:24,20:30,1:06,CRJ7
433,07/26/2016,LGA,PIT,334,18:46,19:42,0:56,E175
432,07/26/2016,DCA,LGA,214,13:27,14:08,0:41,E190
431,07/26/2016,ORD,DCA,611,09:01,11:22,1:21,B738
430,07/24/2016,MSP,ORD,334,10:43,11:37,0:54,A320
429,07/23/2016,MSP,MSP,0,20:32,22:22,1:50,A320
428,07/22/2016,ORD,MSP,334,17:31,18:37,1:06,A320
427,07/09/2016,MSP,ORD,334,19:38,20:28,0:50,MD82
426,07/08/2016,ORD,MSP,334,17:17,18:13,0:56,A320
425,07/06/2016,DTW,MDW,228,17:59,17:41,0:42,CRJ7
424,07/06/2016,LEX,DTW,296,15:47,16:41,0:54,E145
423,07/06/2016,ATL,LEX,304,13:39,14:28,0:49,CRJ9
422,07/06/2016,MDW,ATL,592,07:47,10:29,1:42,B712
421,07/05/2016,DTW,MDW,228,20:48,20:33,0:45,CRJ9
420,07/05/2016,FWA,DTW,127,17:20,17:47,0:27,CRJ2
419,07/05/2016,DTW,FWA,127,12:26,12:52,0:26,CRJ2
418,07/05/2016,MDW,DTW,228,07:03,08:55,0:52,CRJ9
417,06/25/2016,XNA,ORD,522,12:40,13:59,1:19,CRJ7
416,06/25/2016,DFW,XNA,281,11:01,11:46,0:45,E175
415,06/25/2016,ORD,DFW,803,06:10,07:59,1:49,MD83
414,06/18/2016,MSP,ORD,334,15:47,16:40,0:53,B739
413,06/17/2016,ORD,MSP,334,18:00,19:21,1:21,MD82
412,06/16/2016,TYS,ORD,476,11:53,12:12,1:19,E145
411,06/13/2016,ORD,TYS,476,15:28,17:36,1:08,E145
410,06/11/2016,JAC,ORD,1161,14:46,18:22,2:36,A319
409,06/10/2016,ORD,JAC,1161,10:28,12:00,2:32,A319
408,06/04/2016,BNA,MDW,396,14:55,16:06,1:11,B738
407,06/03/2016,MDW,BNA,396,05:53,06:53,1:00,B737
406,05/29/2016,MSP,ORD,334,14:29,15:21,0:52,MD83
405,05/28/2016,ORD,MSP,334,16:11,17:08,0:57,B738
404,05/21/2016,IND,ORD,178,18:20,17:58,0:38,E170
403,05/21/2016,ORD,IND,178,12:46,14:16,0:30,E170
402,05/15/2016,OMA,ORD,415,14:29,15:31,1:02,CRJ7
401,05/14/2016,ORD,OMA,415,10:33,11:45,1:12,E140
400,05/08/2016,CLT,ORD,600,20:36,21:09,1:33,A321
399,05/08/2016,BWI,CLT,361,15:49,16:53,1:04,CRJ9
398,05/07/2016,ORD,BWI,621,07:04,09:37,1:33,E145
397,05/03/2016,MCI,ORD,402,19:46,20:52,1:06,A320
396,05/03/2016,ORD,MCI,402,17:06,18:05,0:59,A320
395,04/30/2016,BWI,MDW,610,15:06,15:42,1:36,B737
394,04/29/2016,MSP,BWI,935,17:58,20:49,1:51,A320
393,04/29/2016,MDW,MSP,349,15:35,16:49,1:14,CRJ7
392,04/26/2016,UST,ORD,908,20:56,22:13,2:17,A320
391,04/26/2016,ORD,UST,908,17:01,19:56,1:55,A320
390,04/23/2016,MSP,ORD,334,19:38,20:28,0:50,A320
389,04/23/2016,ORD,MSP,334,17:16,18:17,1:01,A320
388,04/23/2016,MSP,ORD,334,12:36,13:26,0:50,MD82
387,04/23/2016,ORD,MSP,334,07:23,08:25,1:02,MD83
386,04/22/2016,BUF,ORD,473,18:17,18:28,1:11,E145
385,04/17/2016,ORD,BUF,473,12:16,14:21,1:05,CRJ7
384,04/16/2016,PHL,ORD,677,17:06,17:41,1:35,B738
383,04/15/2016,ORD,PHL,677,08:53,11:45,1:52,B738
382,04/09/2016,PHL,ORD,677,14:38,15:25,1:47,A321
381,04/08/2016,ORD,PHL,677,18:15,20:43,1:28,B739
380,04/05/2016,IND,ORD,178,19:23,19:14,0:51,MD82
379,04/05/2016,ORD,IND,178,16:47,18:19,0:32,MD82
378,03/29/2016,BOS,ORD,865,17:01,18:13,2:12,E190
377,03/29/2016,ORD,BOS,865,09:41,12:25,1:44,E190
376,03/26/2016,PHL,ORD,677,16:42,17:35,1:53,E190
375,03/25/2016,ORD,PHL,677,19:04,21:31,1:27,A321
374,03/12/2016,ATL,ORD,607,15:29,15:55,1:26,MD88
373,03/12/2016,CLT,ATL,227,12:27,13:07,0:40,MD88
372,03/11/2016,CVG,CLT,335,09:44,10:46,1:02,CRJ2
371,03/11/2016,ORD,CVG,265,06:49,08:33,0:44,CRJ9
370,03/08/2016,ATL,ORD,607,21:28,21:56,1:28,CRJ7
369,03/08/2016,ORD,ATL,607,16:03,18:27,1:24,B739
368,03/05/2016,ATL,ORD,607,18:33,19:18,1:45,B712
367,03/05/2016,DAY,ATL,434,14:26,15:40,1:14,B712
366,03/05/2016,MSP,DAY,574,10:19,12:34,1:15,CRJ2
365,03/05/2016,ORD,MSP,334,07:09,08:09,1:00,MD90
364,03/02/2016,MSP,ORD,334,19:18,20:07,0:49,MD82
363,03/02/2016,ORD,MSP,334,16:12,17:15,1:03,MD83
362,02/27/2016,STL,MDW,251,16:09,16:52,0:43,B737
361,02/27/2016,OKC,STL,461,13:32,14:35,1:03,B737
360,02/26/2016,STL,OKC,461,10:08,11:17,1:09,B737
359,02/26/2016,MDW,STL,251,06:35,07:17,0:42,B737
358,02/20/2016,MSP,ORD,334,20:01,20:52,0:51,MD90
357,02/20/2016,CLT,MSP,931,16:42,18:08,2:26,B712
356,02/19/2016,CVG,CLT,335,09:41,10:35,0:54,CRJ2
355,02/19/2016,ORD,CVG,265,06:46,08:31,0:45,CRJ9
354,02/06/2016,ATL,ORD,607,17:51,18:21,1:30,MD90
353,02/06/2016,CLT,ATL,227,15:58,16:45,0:47,MD90
352,02/05/2016,ATL,CLT,227,13:22,14:00,0:38,MD88
351,02/05/2016,ORD,ATL,607,08:08,10:32,1:24,MD90
350,01/30/2016,MSP,ORD,334,14:33,15:23,0:50,MD83
349,01/30/2016,ORD,MSP,334,10:09,11:15,1:06,MD83
348,01/23/2016,DFW,ORD,803,19:09,20:59,1:50,MD82
347,01/23/2016,BHM,DFW,597,14:53,16:21,1:28,CRJ9
346,01/22/2016,DFW,BHM,597,13:02,14:22,1:20,CRJ9
345,01/22/2016,ORD,DFW,803,07:16,09:15,1:59,MD83
344,01/19/2016,DFW,ORD,803,22:12,23:53,1:41,MD83
343,01/19/2016,ORD,DFW,803,18:41,20:37,1:56,B788
342,01/16/2016,DFW,ORD,803,19:39,21:27,1:48,MD83
341,01/16/2016,ORD,DFW,803,14:37,16:41,2:04,MD83
340,01/06/2016,DFW,ORD,803,22:08,23:57,1:49,MD82
339,01/06/2016,ORD,DFW,803,17:31,19:29,1:58,B763
338,01/01/2016,DTW,ORD,234,20:14,20:01,0:47,A320
337,01/01/2016,PHL,DTW,453,18:03,19:26,1:23,B712
336,12/31/2015,ATL,PHL,667,22:36,23:58,1:22,MD90
335,12/31/2015,ORD,ATL,607,16:59,19:24,1:25,B712
334,12/12/2015,ATL,MDW,592,19:24,19:49,1:25,B712
333,12/12/2015,CHA,ATL,106,15:46,16:10,0:24,CRJ2
332,12/11/2015,ATL,CHA,106,19:55,20:20,0:25,B712
331,12/11/2015,MDW,ATL,592,15:26,17:53,1:27,B712
330,12/07/2015,ATL,ORD,607,12:28,13:07,1:39,A319
329,12/07/2015,FAY,ATL,330,06:11,07:10,0:59,B712
328,12/05/2015,ATL,FAY,330,14:23,15:10,0:47,CRJ9
327,12/05/2015,ORD,ATL,607,08:13,10:37,1:24,MD90
326,11/21/2015,ATL,ORD,607,22:38,23:08,1:30,B738
325,11/21/2015,JFK,ATL,760,19:37,21:36,1:59,MD88
324,11/21/2015,PHL,JFK,94,15:23,15:50,0:27,E145
323,11/20/2015,CVG,PHL,506,20:35,21:44,1:09,CRJ2
322,11/20/2015,ORD,CVG,265,17:18,19:03,0:45,CRJ9
321,11/14/2015,STL,MDW,251,16:17,17:01,0:44,B737
320,11/14/2015,OMA,STL,342,12:56,13:50,0:54,B737
319,11/14/2015,STL,OMA,342,11:04,11:55,0:51,B737
318,11/14/2015,MDW,STL,251,08:37,09:23,0:46,B737
317,11/11/2015,ORD,MKE,67,14:26,14:45,0:19,CRJ2
316,11/11/2015,MCI,ORD,402,11:54,12:48,0:54,CRJ7
315,11/11/2015,ORD,MCI,402,09:41,10:52,1:11,E145
314,11/11/2015,MKE,ORD,67,07:46,08:09,0:23,CRJ2
313,11/10/2015,DFW,ORD,803,12:49,14:30,1:41,MD82
312,11/10/2015,AUS,DFW,190,10:52,11:31,0:39,MD83
311,11/10/2015,DFW,AUS,190,08:31,09:07,0:36,MD82
310,11/10/2015,ORD,DFW,803,05:31,07:40,2:09,MD82
309,11/07/2015,MEM,MDW,482,16:48,18:02,1:14,B737
308,11/06/2015,MDW,MEM,482,14:23,15:41,1:18,B737
307,10/31/2015,ATL,ORD,607,19:34,20:10,1:36,MD90
306,10/31/2015,AGS,ATL,143,15:20,15:56,0:36,CRJ7
305,10/30/2015,CLT,AGS,140,11:38,12:18,0:40,DH8C
304,10/30/2015,ORD,CLT,600,05:52,08:22,1:30,A321
303,10/25/2015,DCA,ORD,611,20:33,21:09,1:36,B738
302,10/25/2015,PVD,DCA,356,17:41,18:54,1:13,E170
301,10/24/2015,ORD,BOS,865,17:29,20:12,1:43,E190
300,10/17/2015,PHL,ORD,677,17:48,18:35,1:47,B738
299,10/16/2015,ORD,PHL,677,06:42,09:06,1:24,A319
298,10/13/2015,CLT,ORD,600,18:23,18:56,1:33,A321
297,10/13/2015,FLO,CLT,99,14:33,15:04,0:31,DH8C
296,10/13/2015,CLT,FLO,99,13:17,13:43,0:26,DH8C
295,10/13/2015,ORD,CLT,600,07:38,09:54,1:16,A321
294,10/10/2015,DFW,ORD,803,17:50,19:56,2:06,E175
293,10/09/2015,ORD,DFW,803,06:49,08:59,2:10,E170
292,10/06/2015,JFK,ORD,739,17:24,18:20,1:56,B772
291,10/06/2015,ORD,JFK,739,13:12,15:51,1:39,B772
290,10/04/2015,STL,MDW,251,20:18,20:59,0:41,B737
289,10/04/2015,OKC,STL,461,17:27,18:31,1:04,B737
288,10/03/2015,STL,OKC,461,10:33,11:41,1:08,B733
287,10/03/2015,MDW,STL,251,08:27,09:09,0:42,B737
286,09/26/2015,PHL,ORD,677,20:35,21:09,1:34,A321
285,09/26/2015,CLT,PHL,449,17:30,18:36,1:06,A333
284,09/26/2015,ORD,CLT,600,12:10,14:41,1:31,A321
283,09/19/2015,BIS,ORD,716,15:12,16:50,1:38,E140
282,09/18/2015,DEN,BIS,517,14:18,16:32,1:14,CRJ2
281,09/18/2015,DSM,DEN,588,09:35,10:13,1:38,A320
280,09/18/2015,ORD,DSM,299,07:43,08:31,0:48,CRJ7
279,09/15/2015,RDU,ORD,646,17:03,17:36,1:33,A319
278,09/15/2015,ORD,RDU,646,13:19,15:54,1:35,A319
277,09/05/2015,LBE,ORD,458,16:50,16:58,1:08,A320
276,09/05/2015,ORD,LBE,458,13:53,16:05,1:12,A320
275,09/02/2015,EWR,ORD,718,13:56,14:47,1:51,B752
274,09/02/2015,BWI,EWR,169,10:47,11:32,0:45,DH8D
273,09/02/2015,ORD,BWI,621,06:28,09:02,1:34,B739
272,09/01/2015,LBE,ORD,458,16:56,17:03,1:07,A320
271,09/01/2015,ORD,LBE,458,14:04,16:16,1:12,A320
270,09/01/2015,JFK,ORD,739,10:56,11:43,1:47,A320
269,09/01/2015,ORD,JFK,739,06:19,09:04,1:45,E190
268,08/29/2015,IAD,ORD,588,17:24,17:52,1:28,A320
267,08/29/2015,RDU,IAD,224,14:48,15:28,0:40,A320
266,08/29/2015,IAD,RDU,224,12:55,13:36,0:41,A320
265,08/29/2015,ORD,IAD,588,08:49,11:09,1:20,A320
264,08/16/2015,PHL,ORD,677,20:57,21:26,1:29,A321
263,08/16/2015,BWI,PHL,90,19:10,19:41,0:31,E175
262,08/15/2015,PHL,BWI,90,11:18,11:45,0:27,DH8A
261,08/15/2015,ORD,PHL,677,06:21,08:55,1:34,A321
260,08/11/2015,DCA,ORD,611,20:23,20:59,1:36,B738
259,08/11/2015,BOS,DCA,399,16:26,18:00,1:34,A319
258,08/11/2015,LGA,BOS,184,12:30,13:20,0:50,E190
257,08/11/2015,ORD,LGA,732,07:50,10:26,1:36,B738
256,08/08/2015,ATL,ORD,607,13:51,14:20,1:29,A319
255,08/07/2015,ORD,ATL,607,15:07,17:30,1:23,E175
254,07/25/2015,TUS,ORD,1437,07:19,12:22,3:03,MD82
253,07/19/2015,ORD,TUS,1437,10:50,12:24,3:34,MD83
252,07/07/2015,CLT,ORD,600,20:29,20:54,1:25,A321
251,07/07/2015,ATL,CLT,227,17:05,17:52,0:47,CRJ9
250,07/07/2015,CLT,ATL,227,13:39,14:20,0:41,A321
249,07/07/2015,ORD,CLT,600,09:10,11:32,1:22,A321
248,07/04/2015,SYR,ORD,606,14:24,14:55,1:31,CRJ7
247,07/03/2015,EWR,SYR,195,12:08,12:56,0:48,DH8C
246,07/03/2015,ORD,EWR,718,07:40,10:12,1:32,B737
245,06/20/2015,ATL,ORD,607,19:42,20:08,1:26,MD90
244,06/20/2015,CHA,ATL,106,17:34,17:59,0:25,CRJ9
243,06/19/2015,ATL,CHA,106,18:53,19:17,0:24,CRJ7
242,06/19/2015,ORD,ATL,607,13:44,16:06,1:22,MD90
241,05/30/2015,DEN,ORD,887,17:14,20:13,1:59,B738
240,05/29/2015,ORD,DEN,887,07:46,08:48,2:02,B752
239,05/23/2015,ATL,MDW,592,21:57,22:20,1:23,A320
238,05/23/2015,DFW,ATL,731,16:56,19:37,1:41,MD88
237,05/22/2015,MSP,DFW,854,18:09,20:11,2:02,A320
236,05/22/2015,MDW,MSP,349,15:28,16:36,1:08,E170
235,05/22/2015,LGA,ORD,732,08:36,09:31,1:55,E175
234,05/17/2015,ORD,LGA,732,14:58,17:44,1:46,E175
233,05/09/2015,BOS,ORD,865,18:07,19:23,2:16,B738
232,05/08/2015,PHL,BOS,280,11:28,12:18,0:50,E190
231,05/08/2015,ORD,PHL,677,06:49,09:37,1:48,A321
230,05/06/2015,DAL,MDW,795,20:53,22:33,1:40,B738
229,05/06/2015,AUS,DAL,189,14:39,15:16,0:37,A319
228,05/06/2015,DAL,AUS,189,11:48,12:21,0:33,A319
227,05/06/2015,MDW,DAL,795,05:50,07:44,1:54,B738
226,05/02/2015,ATL,MDW,592,19:22,19:49,1:27,A320
225,05/02/2015,BDL,ATL,860,15:57,17:53,1:56,MD90
224,05/01/2015,DTW,BDL,548,14:23,15:38,1:15,B712
223,05/01/2015,MDW,DTW,228,09:34,11:16,0:42,CRJ7
222,04/25/2015,MSY,ORD,839,17:52,19:53,2:01,CRJ7
221,04/25/2015,IAH,MSY,305,15:14,16:01,0:47,B738
220,04/25/2015,ORD,IAH,927,11:30,13:50,2:20,B752
219,04/17/2015,CLE,ORD,315,12:43,12:39,0:56,E145
218,04/17/2015,ORD,CLE,315,07:38,09:27,0:49,E175
217,04/04/2015,CLT,CAK,395,18:18,19:24,1:06,CRJ2
216,04/04/2015,CHO,CLT,245,14:25,15:21,0:56,CRJ2
215,04/03/2015,CLT,CHO,245,12:55,13:40,0:45,CRJ2
214,04/03/2015,CAK,CLT,395,09:34,10:40,1:06,CRJ2
213,03/21/2015,MSY,ORD,839,17:51,19:47,1:56,MD83
212,03/20/2015,ORD,MSY,839,14:49,16:45,1:56,MD82
211,03/15/2015,BOS,ORD,865,19:55,21:03,2:08,B738
210,03/14/2015,ORD,BOS,865,12:41,15:27,1:46,B738
209,03/07/2015,MCI,ORD,402,16:23,17:18,0:55,A320
208,03/07/2015,ORD,MCI,402,14:28,15:34,1:06,A320
207,02/28/2015,DAL,MDW,795,20:42,22:21,1:39,B737
206,02/28/2015,HOU,DAL,240,17:17,17:55,0:38,B735
205,02/28/2015,MSY,HOU,302,15:09,16:03,0:54,B733
204,02/28/2015,HOU,MSY,302,13:56,14:39,0:43,B733
203,02/28/2015,BNA,HOU,671,09:28,11:21,1:53,B737
202,02/28/2015,MDW,BNA,396,07:34,08:34,1:00,B737
201,02/25/2015,DAL,MDW,795,15:07,16:45,1:38,B737
200,02/25/2015,HOU,DAL,240,12:07,12:50,0:43,B733
199,02/25/2015,DAL,HOU,240,10:14,11:07,0:53,B735
198,02/25/2015,MDW,DAL,795,07:05,09:03,1:58,B738
197,02/21/2015,BNA,MDW,396,18:10,19:12,1:02,B737
196,02/21/2015,MSY,BNA,472,15:58,17:06,1:08,B733
195,02/20/2015,ATL,MSY,425,10:03,10:19,1:16,MD88
194,02/20/2015,MDW,ATL,592,06:06,08:21,1:15,A320
193,01/31/2015,IAD,ORD,588,12:51,13:33,1:42,B752
192,01/31/2015,ORD,IAD,588,09:00,11:11,1:11,B738
191,01/24/2015,CLT,ORD,600,18:19,18:52,1:33,A321
190,01/24/2015,MYR,CLT,156,16:35,17:06,0:31,CRJ9
189,01/23/2015,CLT,FLO,99,11:47,12:20,0:33,DH8C
188,01/23/2015,ORD,CLT,600,07:34,10:05,1:31,A321
187,01/17/2015,MCI,MDW,404,17:17,18:12,0:55,B737
186,01/16/2015,MDW,MCI,404,13:11,14:11,1:00,B738
185,01/10/2015,DAL,MDW,795,16:16,18:02,1:46,B737
184,01/09/2015,MDW,DAL,795,10:30,12:28,1:58,B737
183,12/20/2014,MCI,ORD,402,16:26,17:26,1:00,A320
182,12/20/2014,ORD,MCI,402,14:31,15:33,1:02,A320
181,12/13/2014,LAS,MDW,1519,18:11,23:16,3:05,B737
180,12/12/2014,MDW,LAS,1519,06:05,07:17,3:12,B738
179,12/06/2014,TPA,MDW,1000,16:50,18:26,2:36,B738
178,12/06/2014,MSY,TPA,488,13:26,15:34,1:08,B737
177,12/05/2014,MDW,MSY,828,11:51,13:45,1:54,B737
176,11/27/2014,ATL,ORD,607,14:45,15:25,1:40,MD90
175,11/27/2014,CHA,ATL,106,12:28,13:00,0:32,B712
174,11/26/2014,ATL,CHA,106,19:31,19:58,0:27,B712
173,11/26/2014,ORD,ATL,607,15:43,18:07,1:24,MD88
172,11/22/2014,BOS,ORD,865,16:03,17:32,2:29,B738
171,11/21/2014,ORD,BOS,865,06:30,09:14,1:44,B738
170,11/08/2014,CLT,ORD,600,18:15,18:48,1:33,A321
169,11/08/2014,HSV,CLT,333,13:24,15:17,0:53,CRJ2
168,11/07/2014,ORD,HSV,511,07:51,09:00,1:09,E145
167,10/11/2014,ATL,ORD,607,19:57,20:23,1:26,B752
166,10/11/2014,PBI,ATL,546,14:04,15:22,1:18,MD90
165,10/10/2014,ATL,PBI,546,11:41,13:01,1:20,B752
164,10/10/2014,ORD,ATL,607,07:50,10:12,1:22,B752
163,09/12/2014,SFO,ORD,1844,08:37,14:04,3:27,B738
162,09/07/2014,ORD,SFO,1844,14:23,16:25,4:02,B738
161,09/06/2014,ROC,ORD,527,16:43,17:05,1:22,E145
160,09/05/2014,ORD,ROC,527,13:36,15:48,1:12,A319
159,08/30/2014,SLC,MDW,1257,15:50,19:26,2:36,B737
158,08/29/2014,MDW,SLC,1257,09:02,10:49,2:47,B738
157,08/02/2014,ROC,ORD,527,16:55,17:09,1:14,A320
156,08/01/2014,ORD,ROC,527,13:39,15:51,1:12,A319
155,07/19/2014,DEN,ORD,887,09:56,12:54,1:58,MD82
154,07/14/2014,ORD,DEN,887,11:34,12:46,2:12,E175
153,07/13/2014,MSP,ORD,334,19:48,20:41,0:53,CRJ9
152,07/13/2014,MSO,MSP,1011,14:16,17:13,1:57,A320
151,07/12/2014,SLC,MSO,437,10:02,11:09,1:07,CRJ7
150,07/12/2014,ORD,SLC,1248,07:08,09:00,2:52,CRJ9
149,06/21/2014,RIC,ORD,642,11:18,11:53,1:35,E140
148,06/19/2014,IAD,CHO,77,12:50,13:10,0:20,DH8B
147,06/19/2014,PHL,IAD,135,11:12,11:44,0:32,E145
146,06/15/2014,ORD,PHL,677,14:35,17:07,1:32,A320
145,06/07/2014,ATL,MKE,671,22:14,22:44,1:30,MD88
144,06/07/2014,LAX,ATL,1944,14:09,20:49,3:40,B752
143,06/06/2014,MSP,LAX,1535,11:36,12:55,3:19,B753
142,06/06/2014,MKE,MSP,297,09:24,10:11,0:47,B753
141,06/01/2014,GSP,MDW,563,18:14,18:39,1:25,B737
140,05/31/2014,ATL,GSP,153,10:44,11:10,0:26,MD88
139,05/31/2014,MDW,ATL,592,06:05,08:30,1:25,B712
138,05/04/2014,DFW,MKE,854,20:39,22:34,1:55,MD82
137,05/04/2014,ABQ,DFW,568,14:08,16:25,1:17,MD83
136,05/03/2014,DEN,ABQ,350,15:32,16:36,1:04,E170
135,05/03/2014,ORD,DEN,887,12:18,13:26,2:08,B752
134,05/03/2014,MKE,ORD,67,09:33,09:50,0:17,CRJ2
133,04/12/2014,GSP,ORD,579,17:04,17:55,1:51,E145
132,04/11/2014,ORD,GSP,579,09:02,11:21,1:19,E145
131,03/15/2014,SEA,ORD,1718,19:23,00:38,3:15,B739
130,03/14/2014,ORD,SEA,1718,08:09,10:18,4:09,B739
129,03/02/2014,IAD,MDW,577,15:28,16:16,1:48,B737
128,03/01/2014,MDW,IAD,577,11:00,13:09,1:09,B737
127,02/22/2014,ATL,MDW,592,16:20,16:52,1:32,A319
126,02/22/2014,CHA,ATL,106,14:44,15:07,0:23,CRJ2
125,02/21/2014,ATL,CHA,106,15:15,15:38,0:23,CRJ2
124,02/21/2014,MDW,ATL,592,10:28,12:50,1:22,A320
123,02/01/2014,PHX,ORD,1439,13:41,17:15,2:34,A321
122,01/31/2014,ORD,PHX,1439,05:14,08:00,3:46,A321
121,01/19/2014,SFO,ORD,1844,19:33,00:56,3:23,B739
120,01/19/2014,PDX,SFO,551,15:35,16:54,1:19,A319
119,01/18/2014,ORD,PDX,1737,09:04,10:55,3:51,A320
118,01/11/2014,ATL,ORD,607,19:47,20:09,1:22,B752
117,01/11/2014,DFW,ATL,731,13:42,16:07,1:25,MD88
116,01/10/2014,ATL,DFW,731,15:25,16:28,2:03,MD88
115,01/10/2014,ORD,ATL,607,10:45,13:13,1:28,MD88
114,12/13/2013,EWR,ORD,718,19:15,20:36,2:21,E175
113,12/08/2013,ORD,EWR,718,21:41,00:09,1:28,B752
112,11/16/2013,MSY,MDW,828,14:51,17:06,2:15,B737
111,11/15/2013,MDW,MSY,828,18:44,20:35,1:51,B737
110,11/09/2013,MEM,MDW,482,15:02,16:15,1:13,B737
109,11/08/2013,MDW,MEM,482,09:04,10:20,1:16,B733
108,11/02/2013,BOS,ORD,865,15:21,16:32,2:11,B738
107,11/01/2013,ORD,BOS,865,13:49,16:33,1:44,B738
106,10/12/2013,BNA,CLE,449,14:32,16:37,1:05,E145
105,10/11/2013,CLE,BNA,449,13:59,14:04,1:05,B737
104,10/06/2013,BWI,MDW,610,22:54,23:24,1:30,B738
103,10/06/2013,PWM,BWI,452,18:37,19:50,1:13,B733
102,10/04/2013,BWI,PWM,452,10:01,11:10,1:09,B733
101,10/04/2013,MDW,BWI,610,06:02,08:30,1:28,B737
100,09/21/2013,MEM,MDW,482,18:56,20:10,1:14,B712
99,09/20/2013,MDW,MEM,482,08:51,10:04,1:13,B712
98,09/14/2013,MSP,MDW,349,16:14,17:13,0:59,B737
97,09/13/2013,MDW,MSP,349,13:27,14:29,1:02,B737
96,09/07/2013,MHT,MDW,836,16:53,17:52,1:59,B738
95,09/06/2013,MDW,MHT,836,09:57,12:50,1:53,B737
94,08/30/2013,DEN,MDW,894,09:44,12:48,2:04,B737
93,08/26/2013,MDW,DEN,894,09:37,10:36,1:59,B737
92,08/18/2013,DCA,MKE,634,17:28,17:58,1:30,B712
91,08/17/2013,MKE,DCA,634,13:48,16:21,1:33,B712
90,06/15/2013,CLT,ORD,600,18:09,18:40,1:31,A321
89,06/14/2013,ORD,CLT,600,12:29,14:44,1:15,A321
88,06/08/2013,MCI,ORD,402,15:39,16:35,0:56,B738
87,06/07/2013,ORD,MCI,402,13:33,14:36,1:03,B738
86,05/11/2013,FSD,ORD,462,15:46,16:49,1:03,E145
85,05/10/2013,ORD,FSD,462,15:16,16:23,1:07,E145
84,04/19/2013,TYS,ORD,476,07:08,07:23,1:15,E145
83,04/15/2013,ORD,TYS,476,13:28,15:36,1:08,E145
82,03/23/2013,BNA,CLE,449,14:06,16:08,1:02,E145
81,03/22/2013,CLE,BNA,449,17:03,17:12,1:09,B737
80,03/02/2013,OKC,ORD,693,14:45,16:27,1:42,CRJ7
79,03/01/2013,ORD,OKC,693,13:20,14:54,1:34,CRJ7
78,02/02/2013,PHX,MDW,1443,14:47,18:33,2:46,B737
77,02/01/2013,MDW,PHX,1443,09:18,11:54,3:36,B738
76,01/19/2013,ATL,MDW,592,15:39,16:05,1:26,B737
75,01/18/2013,MDW,ATL,592,07:46,10:10,1:24,B733
74,01/07/2013,ATL,ORD,607,20:15,20:43,1:28,B752
73,01/07/2013,MOB,ATL,302,15:49,17:35,0:46,CRJ2
72,01/05/2013,ATL,MOB,302,19:29,19:22,0:53,MD88
71,01/05/2013,ORD,ATL,607,14:22,16:54,1:32,MD88
70,12/08/2012,LIT,MDW,545,14:31,15:50,1:19,B737
69,12/07/2012,STL,LIT,296,10:17,11:08,0:51,B737
68,12/07/2012,MDW,STL,251,07:59,08:50,0:51,B737
67,11/03/2012,LAS,MDW,1519,14:39,19:52,3:13,B737
66,11/02/2012,MDW,LAS,1519,10:25,12:03,3:38,B737
65,10/13/2012,BNA,ORD,410,15:01,16:29,1:28,CRJ7
64,10/12/2012,ORD,BNA,410,07:37,08:36,0:59,E145
63,02/04/2012,BOS,ORD,865,13:30,15:05,2:35,B738
62,01/29/2012,ORD,BDL,782,13:10,15:48,1:38,E145
61,01/21/2012,DEN,ORD,887,14:02,16:47,1:45,CRJ7
60,01/19/2012,PDX,DEN,990,15:53,18:47,1:54,A319
59,01/17/2012,ORD,PDX,1737,12:14,14:28,4:14,A320
58,06/24/2011,DEN,ORD,887,16:14,19:06,1:52,B752
57,06/24/2011,SAT,DEN,796,14:03,15:01,1:58,CRJ7
56,06/19/2011,ORD,SAT,1043,18:21,20:39,2:18,CRJ7
55,03/03/2011,DCA,ORD,611,09:48,10:22,1:34,A320
54,02/28/2011,ORD,DCA,611,12:23,14:40,1:17,A319
53,10/08/2010,DCA,ORD,611,09:53,10:23,1:30,B752
52,10/03/2010,ORD,DCA,611,14:39,17:05,1:26,A320
51,07/28/2010,PHL,ORD,677,10:14,10:54,1:40,A319
50,07/25/2010,ORD,PHL,677,16:09,18:38,1:29,A319
49,05/28/2010,DCA,ORD,611,09:51,10:14,1:23,A320
48,05/17/2010,ORD,DCA,611,12:15,14:47,1:32,A319
47,05/15/2010,OKC,ORD,693,18:32,19:55,1:23,CRJ7
46,05/14/2010,ORD,OKC,693,08:39,10:31,1:52,CRJ7
45,12/11/2009,ISP,MDW,764,11:09,12:37,2:28,B737
44,11/30/2009,MDW,ISP,764,07:50,10:27,1:37,B737
43,06/13/2008,ATL,MDW,592,09:41,10:06,1:25,B712
42,06/08/2008,MDW,ATL,592,15:21,18:21,2:00,B737
41,05/18/2007,SJC,ORD,1827,08:26,14:17,3:51,B752
40,05/13/2007,ORD,SJC,1827,15:28,17:52,4:24,A319
39,03/30/2007,ISP,MDW,764,13:15,14:08,1:53,B737
38,03/25/2007,MDW,ISP,764,14:29,17:25,1:56,B737
37,03/09/2007,SJC,ORD,1827,08:36,14:08,3:32,B752
36,03/04/2007,ORD,SJC,1827,15:40,17:59,4:19,A320
35,12/26/2006,CLE,ORD,315,08:50,08:45,0:55,B735
34,12/22/2006,ORD,CAK,343,21:41,23:30,0:49,CRJ7
33,05/05/2006,DEN,ORD,887,10:59,13:50,1:51,B763
32,04/30/2006,ORD,DEN,887,12:24,13:28,2:04,B752
31,04/14/2006,DCA,ORD,611,10:05,10:49,1:44,B752
30,04/10/2006,ORD,DCA,611,12:18,14:42,1:24,B735
29,03/03/2006,SFO,ORD,1844,10:14,15:42,3:28,B752
28,02/21/2006,ORD,SFO,1844,07:21,09:28,4:07,B752
27,12/27/2005,CVG,ORD,265,10:40,10:28,0:48,B732
26,12/27/2005,CAK,CVG,214,07:05,07:49,0:44,CRJ7
25,12/21/2005,ORD,CAK,343,19:44,21:38,0:54,CRJ7
24,11/18/2005,DCA,ORD,611,10:00,10:39,1:39,B752
23,11/14/2005,ORD,DCA,611,12:22,14:43,1:21,B735
22,09/02/2005,DCA,ORD,611,10:47,11:26,1:39,B733
21,08/28/2005,ORD,DCA,611,13:17,15:35,1:18,A319
20,07/04/2005,CAK,ORD,343,12:20,12:16,0:56,CRJ2
19,07/01/2005,ORD,CAK,343,21:09,23:00,0:51,CRJ2
18,05/16/2005,CVG,ORD,265,18:09,17:52,0:43,CRJ1
17,05/16/2005,CAK,CVG,214,16:13,16:50,0:37,CRJ7
16,05/14/2005,CVG,CAK,214,12:13,12:46,0:33,CRJ7
15,05/14/2005,ORD,CVG,265,06:15,08:12,0:57,CRJ1
14,01/02/2005,CVG,ORD,265,21:23,21:06,0:43,MD88
13,01/02/2005,CAK,CVG,214,18:25,19:05,0:40,CRJ7
12,12/31/2004,CVG,CAK,214,09:20,09:54,0:34,CRJ7
11,12/31/2004,ORD,CVG,265,06:18,08:01,0:43,B732
10,12/18/2004,DCA,ORD,611,10:22,10:58,1:36,B752
9,12/05/2004,ORD,DCA,611,14:18,16:32,1:14,A320
8,11/19/2004,DCA,ORD,611,10:32,11:10,1:38,B752
7,11/14/2004,ORD,DCA,611,14:23,16:52,1:29,A319
6,10/27/2004,DCA,ORD,611,11:24,12:19,1:55,B733
5,10/25/2004,ORD,DCA,611,12:12,14:37,1:25,B752
4,08/22/2004,CLE,MDW,306,17:25,17:19,0:54,B737
3,08/20/2004,MDW,CLE,306,14:03,15:54,0:51,B737
2,06/15/2004,ORD,CAK,343,20:09,20:01,0:52,CRJ2
1,06/15/2004,CAK,ORD,343,08:23,08:22,0:59,CRJ2
